{"cameraMode":{"drawMode":0,"name":"Shaded","section":"Shading Mode"},"sceneLighting":true,"audioPlay":false,"sceneViewState":{"m_AlwaysRefresh":false,"showFog":true,"showSkybox":true,"showFlares":true,"showImageEffects":true,"showParticleSystems":true,"showVisualEffectGraphs":true,"m_FxEnabled":true},"in2DMode":false,"pivot":{"x":194.03207397460938,"y":220.6365966796875,"z":-71.70245361328125},"rotation":{"x":0.22747039794921876,"y":0.01343503873795271,"z":-0.003138533793389797,"w":0.973690927028656},"size":440.6973876953125,"orthographic":false}